{"cameraMode":{"drawMode":0,"name":"Shaded","section":"Shading Mode"},"sceneLighting":true,"audioPlay":false,"sceneViewState":{"m_AlwaysRefresh":false,"showFog":true,"showSkybox":true,"showFlares":true,"showImageEffects":true,"showParticleSystems":true,"showVisualEffectGraphs":true,"m_FxEnabled":true},"in2DMode":false,"pivot":{"x":-16.140277862548829,"y":-13.526906967163086,"z":66.3038558959961},"rotation":{"x":0.0866464376449585,"y":-0.07614171504974365,"z":0.0066589354537427429,"w":0.9933228492736816},"size":60.28860092163086,"orthographic":false}