{"cameraMode":{"drawMode":0,"name":"Shaded","section":"Shading Mode"},"sceneLighting":true,"audioPlay":false,"sceneViewState":{"m_AlwaysRefresh":false,"showFog":true,"showSkybox":true,"showFlares":true,"showImageEffects":true,"showParticleSystems":true,"showVisualEffectGraphs":true,"m_FxEnabled":true},"in2DMode":false,"pivot":{"x":61.763519287109378,"y":-43.11652755737305,"z":233.69520568847657},"rotation":{"x":0.08339706063270569,"y":0.110378198325634,"z":-0.00928436778485775,"w":0.9903553128242493},"size":136.38470458984376,"orthographic":false}